{"_wandb": {"runtime": 19}, "global_step": 512, "_timestamp": 1700679778.134899, "charts/episodic_return": 16.0, "charts/episodic_length": 16.0, "_runtime": 19.497984886169434, "_step": 185, "charts/learning_rate": 0.00019999999494757503, "losses/value_loss": 1.1718363168711221e-07, "losses/policy_loss": 0.0003484487533569336, "losses/entropy": 0.6927741765975952, "losses/old_approx_kl": -0.0006970437243580818, "losses/approx_kl": 0.00035561341792345047, "losses/clipfrac": 0.0, "losses/explained_variance": 0.0005565285682678223, "charts/SPS": 463.0, "CartPole-v1__CartPole PPO__1.0__1700679773/global_step": 512, "CartPole-v1__CartPole PPO__1.0__1700679773/charts/episodic_return": 42.0, "CartPole-v1__CartPole PPO__1.0__1700679773/charts/episodic_length": 42.0, "CartPole-v1__CartPole PPO__1.0__1700679773/charts/learning_rate": 0.00019999999494757503, "CartPole-v1__CartPole PPO__1.0__1700679773/losses/value_loss": 2.6026489194919122e-06, "CartPole-v1__CartPole PPO__1.0__1700679773/losses/policy_loss": -0.001757308840751648, "CartPole-v1__CartPole PPO__1.0__1700679773/losses/entropy": 0.692776083946228, "CartPole-v1__CartPole PPO__1.0__1700679773/losses/old_approx_kl": -1.7095357179641724e-05, "CartPole-v1__CartPole PPO__1.0__1700679773/losses/approx_kl": 0.0004009935073554516, "CartPole-v1__CartPole PPO__1.0__1700679773/losses/clipfrac": 0.0, "CartPole-v1__CartPole PPO__1.0__1700679773/losses/explained_variance": -0.003062605857849121, "CartPole-v1__CartPole PPO__1.0__1700679773/charts/SPS": 1582.0, "CartPole-v1__CartPole PPO__1.0__1700679774/global_step": 512, "CartPole-v1__CartPole PPO__1.0__1700679774/charts/episodic_return": 15.0, "CartPole-v1__CartPole PPO__1.0__1700679774/charts/episodic_length": 15.0, "CartPole-v1__CartPole PPO__1.0__1700679774/charts/learning_rate": 0.00019999999494757503, "CartPole-v1__CartPole PPO__1.0__1700679774/losses/value_loss": 1.0247072168567684e-06, "CartPole-v1__CartPole PPO__1.0__1700679774/losses/policy_loss": -0.0018496029078960419, "CartPole-v1__CartPole PPO__1.0__1700679774/losses/entropy": 0.6928870677947998, "CartPole-v1__CartPole PPO__1.0__1700679774/losses/old_approx_kl": 0.0023115361109375954, "CartPole-v1__CartPole PPO__1.0__1700679774/losses/approx_kl": 0.00024583516642451286, "CartPole-v1__CartPole PPO__1.0__1700679774/losses/clipfrac": 0.0, "CartPole-v1__CartPole PPO__1.0__1700679774/losses/explained_variance": 0.013168513774871826, "CartPole-v1__CartPole PPO__1.0__1700679774/charts/SPS": 1462.0, "CartPole-v1__CartPole PPO__1.0__1700679775/global_step": 512, "CartPole-v1__CartPole PPO__1.0__1700679775/charts/episodic_return": 19.0, "CartPole-v1__CartPole PPO__1.0__1700679775/charts/episodic_length": 19.0, "CartPole-v1__CartPole PPO__1.0__1700679775/charts/learning_rate": 0.00019999999494757503, "CartPole-v1__CartPole PPO__1.0__1700679775/losses/value_loss": 3.70772141877751e-07, "CartPole-v1__CartPole PPO__1.0__1700679775/losses/policy_loss": -0.0017240345478057861, "CartPole-v1__CartPole PPO__1.0__1700679775/losses/entropy": 0.6926273703575134, "CartPole-v1__CartPole PPO__1.0__1700679775/losses/old_approx_kl": 0.0016067009419202805, "CartPole-v1__CartPole PPO__1.0__1700679775/losses/approx_kl": 0.00047785649076104164, "CartPole-v1__CartPole PPO__1.0__1700679775/losses/clipfrac": 0.0, "CartPole-v1__CartPole PPO__1.0__1700679775/losses/explained_variance": -0.0045882463455200195, "CartPole-v1__CartPole PPO__1.0__1700679775/charts/SPS": 1542.0, "CartPole-v1__CartPole PPO__1.0__1700679776/global_step": 512, "CartPole-v1__CartPole PPO__1.0__1700679776/charts/episodic_return": 20.0, "CartPole-v1__CartPole PPO__1.0__1700679776/charts/episodic_length": 20.0, "CartPole-v1__CartPole PPO__1.0__1700679776/charts/learning_rate": 0.00019999999494757503, "CartPole-v1__CartPole PPO__1.0__1700679776/losses/value_loss": 2.7857029749611684e-07, "CartPole-v1__CartPole PPO__1.0__1700679776/losses/policy_loss": -0.0027877837419509888, "CartPole-v1__CartPole PPO__1.0__1700679776/losses/entropy": 0.6926159858703613, "CartPole-v1__CartPole PPO__1.0__1700679776/losses/old_approx_kl": 0.001925747375935316, "CartPole-v1__CartPole PPO__1.0__1700679776/losses/approx_kl": 0.0005536796525120735, "CartPole-v1__CartPole PPO__1.0__1700679776/losses/clipfrac": 0.0, "CartPole-v1__CartPole PPO__1.0__1700679776/losses/explained_variance": -0.0025398731231689453, "CartPole-v1__CartPole PPO__1.0__1700679776/charts/SPS": 1583.0, "CartPole-v1__CartPole PPO__1.0__1700679777/global_step": 512, "CartPole-v1__CartPole PPO__1.0__1700679777/charts/episodic_return": 51.0, "CartPole-v1__CartPole PPO__1.0__1700679777/charts/episodic_length": 51.0, "CartPole-v1__CartPole PPO__1.0__1700679777/charts/learning_rate": 0.00019999999494757503, "CartPole-v1__CartPole PPO__1.0__1700679777/losses/value_loss": 2.1388824933410433e-08, "CartPole-v1__CartPole PPO__1.0__1700679777/losses/policy_loss": -0.0013655796647071838, "CartPole-v1__CartPole PPO__1.0__1700679777/losses/entropy": 0.6929331421852112, "CartPole-v1__CartPole PPO__1.0__1700679777/losses/old_approx_kl": -2.327747642993927e-05, "CartPole-v1__CartPole PPO__1.0__1700679777/losses/approx_kl": 0.00016437098383903503, "CartPole-v1__CartPole PPO__1.0__1700679777/losses/clipfrac": 0.0, "CartPole-v1__CartPole PPO__1.0__1700679777/losses/explained_variance": -0.018578648567199707, "CartPole-v1__CartPole PPO__1.0__1700679777/charts/SPS": 1599.0}