{"global_step": 7500, "_timestamp": 1702274651.320043, "_runtime": 226.37263917922974, "_step": 6, "charts/discounted_episodic_return": 0.0, "charts/episodic_length": 250.0, "charts/learning_rate": 0.0003000000142492354, "losses/value_loss": 8.572074875701219e-06, "losses/policy_loss": 0.06046900153160095, "losses/entropy": 10.959473609924316, "losses/old_approx_kl": 4.86757755279541, "losses/approx_kl": 20.08757781982422, "losses/clipfrac": 0.9723679423332214, "losses/explained_variance": 0.6551486253738403, "charts/SPS": 39.0, "_wandb": {"runtime": 279}}