{"global_step": 499712, "_timestamp": 1701714554.5710375, "_runtime": 154.73096251487732, "_step": 2405, "charts/episodic_return": 500.0, "charts/episodic_length": 500.0, "charts/learning_rate": 2.5614752985347877e-07, "losses/value_loss": 1.0033388662122888e-06, "losses/policy_loss": 2.779066562652588e-06, "losses/entropy": 0.35982394218444824, "losses/old_approx_kl": 9.420560672879219e-06, "losses/approx_kl": 9.546056389808655e-09, "losses/clipfrac": 0.0, "losses/explained_variance": -1.0403530597686768, "charts/SPS": 3255.0, "_wandb": {"runtime": 154}}