{"global_step": 158000, "_timestamp": 1701845874.4784207, "_runtime": 203.4591417312622, "_step": 235, "charts/episodic_return": -281.10015869140625, "charts/episodic_length": 1000.0, "charts/learning_rate": 0.0002766393299680203, "losses/value_loss": 0.017298826947808266, "losses/policy_loss": -0.03547901660203934, "losses/entropy": 6.205049991607666, "losses/old_approx_kl": -0.011730808764696121, "losses/approx_kl": 0.009014048613607883, "losses/clipfrac": 0.17294922471046448, "losses/explained_variance": 0.8450004458427429, "charts/SPS": 781.0, "_wandb": {"runtime": 208}}