{"global_step": 4505, "_timestamp": 1701983298.329998, "_runtime": 117.32971405982971, "_step": 37, "charts/discounted_episodic_return": 0.0, "charts/episodic_length": 100.0, "_wandb": {"runtime": 123}}