{"global_step": 499712, "_timestamp": 1701151073.3600848, "charts/episodic_return": 500.0, "charts/episodic_length": 500.0, "_runtime": 315.4426758289337, "_step": 2449, "charts/learning_rate": 2.5614752985347877e-07, "losses/value_loss": 8.465857138581501e-16, "losses/policy_loss": -3.6954879760742188e-06, "losses/entropy": 0.49813777208328247, "losses/old_approx_kl": -6.528571248054504e-07, "losses/approx_kl": 1.7695128917694092e-08, "losses/clipfrac": 0.0, "losses/explained_variance": 0.04827463626861572, "charts/SPS": 1664.0, "_wandb": {"runtime": 315}}