{"global_step": 499712, "_timestamp": 1700687620.332537, "charts/episodic_return": 500.0, "charts/episodic_length": 500.0, "_runtime": 484.7520010471344, "_step": 2300, "charts/learning_rate": 2.0491803809363773e-07, "losses/value_loss": 1.1971326707715946e-14, "losses/policy_loss": -0.00010199099779129028, "losses/entropy": 0.4054674804210663, "losses/old_approx_kl": 0.00011215498670935631, "losses/approx_kl": 9.64384526014328e-07, "losses/clipfrac": 0.0, "losses/explained_variance": 0.010230064392089844, "charts/SPS": 1080.0, "_wandb": {"runtime": 484}}