{"_wandb": {"runtime": 15}, "global_step": 512, "_timestamp": 1700679196.7580574, "charts/episodic_return": 20.0, "charts/episodic_length": 20.0, "_runtime": 16.179312467575073, "_step": 21, "charts/learning_rate": 0.00019999999494757503, "losses/value_loss": 1.3679395749477408e-07, "losses/policy_loss": -0.0008507445454597473, "losses/entropy": 0.692689061164856, "losses/old_approx_kl": -0.0008539473637938499, "losses/approx_kl": 0.00046838121488690376, "losses/clipfrac": 0.0, "losses/explained_variance": -0.003215193748474121, "charts/SPS": 251.0}