{"_wandb": {"runtime": 0}, "global_step": 492, "_timestamp": 1700438455.521985, "charts/episodic_return": 13.0, "charts/episodic_length": 13.0, "_runtime": 1.2116060256958008, "_step": 17}