{"global_step": 24576, "_timestamp": 1701129109.101241, "_runtime": 35.62676000595093, "_step": 495, "charts/episodic_return": 92.0, "charts/episodic_length": 92.0, "charts/learning_rate": 5.208333277550992e-06, "losses/value_loss": 74.34650421142578, "losses/policy_loss": 1.7561018466949463e-05, "losses/entropy": 0.6136360168457031, "losses/old_approx_kl": -7.816823199391365e-06, "losses/approx_kl": 1.6065314412117004e-08, "losses/clipfrac": 0.0, "losses/explained_variance": 0.04490476846694946, "charts/SPS": 1542.0, "_wandb": {"runtime": 35}}