{"global_step": 500000, "_timestamp": 1702299497.24284, "_runtime": 23420.264580011368, "_step": 11947, "charts/learning_rate": 3.000000106112566e-07, "losses/value_loss": 0.03104822151362896, "losses/policy_loss": 1.4665888547897339, "losses/entropy": 17.094694137573242, "losses/old_approx_kl": 1.2987438440322876, "losses/approx_kl": 3.588461399078369, "losses/clipfrac": 0.9133333563804626, "losses/explained_variance": 0.004395782947540283, "charts/SPS": 21.0, "charts/discounted_episodic_return": 0.9509901404380798, "charts/episodic_length": 6.0, "_wandb": {"runtime": 23418}}