{"_wandb": {"runtime": 0}, "global_step": 512, "_timestamp": 1700468473.0157719, "charts/episodic_return": 40.0, "charts/episodic_length": 40.0, "_runtime": 1.409435749053955, "_step": 21, "charts/learning_rate": 0.00019999999494757503, "losses/value_loss": 0.0, "losses/policy_loss": -0.023813482373952866, "losses/entropy": 0.6867543458938599, "losses/old_approx_kl": 0.009693389758467674, "losses/approx_kl": 0.005993393715471029, "losses/clipfrac": 0.0}