{"global_step": 13000, "_timestamp": 1701835213.766981, "_runtime": 480.2226037979126, "_step": 130, "charts/discounted_episodic_return": 0.0, "charts/episodic_length": 100.0, "charts/learning_rate": 0.0002280000044265762, "losses/value_loss": 25.53091812133789, "losses/policy_loss": 0.28583312034606934, "losses/entropy": -70.90531158447266, "losses/old_approx_kl": 1.0086762750917508e+22, "losses/approx_kl": 1.0086762750917508e+22, "losses/clipfrac": 1.0, "losses/explained_variance": 0.11489450931549072, "charts/SPS": 26.0, "_wandb": {"runtime": 497}}