{"global_step": 499712, "_timestamp": 1701538581.5110319, "_runtime": 382.06675386428833, "_step": 2341, "charts/episodic_return": -64.29605865478516, "charts/episodic_length": 473.0, "charts/learning_rate": 2.5614752985347877e-07, "losses/value_loss": 7.392955780029297, "losses/policy_loss": -8.875969797372818e-06, "losses/entropy": 0.868410587310791, "losses/old_approx_kl": -1.155957579612732e-05, "losses/approx_kl": 2.7939677238464355e-09, "losses/clipfrac": 0.0, "losses/explained_variance": 0.6210616827011108, "charts/SPS": 1310.0, "_wandb": {"runtime": 381}}