{"global_step": 18485, "_timestamp": 1702351665.0225163, "_runtime": 1077.1478283405304, "_step": 237, "charts/learning_rate": 0.0002894999925047159, "losses/value_loss": 2.6730459623536262e-08, "losses/policy_loss": 0.36558714509010315, "losses/entropy": 17.094694137573242, "losses/old_approx_kl": 2.891068696975708, "losses/approx_kl": 2.1577916145324707, "losses/clipfrac": 0.9494118094444275, "losses/explained_variance": -15.591005325317383, "charts/SPS": 19.0, "charts/discounted_episodic_return": 0.0, "charts/episodic_length": 36.0, "_wandb": {"runtime": 1079}}