{"_wandb": {"runtime": 0}, "global_step": 512, "_timestamp": 1700438815.596043, "charts/episodic_return": 15.0, "charts/episodic_length": 15.0, "_runtime": 1.8668510913848877, "_step": 21, "charts/learning_rate": 0.00019999999494757503, "losses/value_loss": 0.0, "losses/policy_loss": -0.0062758587300777435, "losses/entropy": 0.6878019571304321, "losses/old_approx_kl": -0.006077651400119066, "losses/approx_kl": 0.004868186078965664}