{"global_step": 499712, "_timestamp": 1700684548.7588608, "charts/episodic_return": 159.0, "charts/episodic_length": 159.0, "_runtime": 301.3181948661804, "_step": 3760, "charts/learning_rate": 2.0491803809363773e-07, "losses/value_loss": 5.601347510819643e-12, "losses/policy_loss": 6.385147571563721e-06, "losses/entropy": 0.5129686594009399, "losses/old_approx_kl": -3.103632479906082e-07, "losses/approx_kl": 4.423782229423523e-09, "losses/clipfrac": 0.0, "losses/explained_variance": -0.06026601791381836, "charts/SPS": 1748.0, "_wandb": {"runtime": 300}}