{"global_step": 499712, "_timestamp": 1701484664.6319222, "_runtime": 273.5936942100525, "_step": 3196, "charts/episodic_return": 222.0, "charts/episodic_length": 222.0, "charts/learning_rate": 2.5614752985347877e-07, "losses/value_loss": 9.452498056202255e-16, "losses/policy_loss": -8.023343980312347e-06, "losses/entropy": 0.5511071681976318, "losses/old_approx_kl": 1.0773306712508202e-05, "losses/approx_kl": 1.3737007975578308e-08, "losses/clipfrac": 0.0, "losses/explained_variance": -0.007742047309875488, "charts/SPS": 1993.0, "_wandb": {"runtime": 273}}