{"global_step": 215552, "_timestamp": 1701538170.7463014, "_runtime": 170.7488775253296, "_step": 936, "charts/episodic_return": -114.25521087646484, "charts/episodic_length": 1000.0, "charts/learning_rate": 0.0002141515869880095, "losses/value_loss": 0.0, "losses/policy_loss": -0.0073446668684482574, "losses/entropy": 0.9290899634361267, "losses/old_approx_kl": 0.00870160199701786, "losses/approx_kl": 0.0032231188379228115, "losses/clipfrac": 0.001953125, "losses/explained_variance": 0.003748178482055664, "charts/SPS": 1278.0, "_wandb": {"runtime": 170}}