{"global_step": 7505, "_timestamp": 1701821513.4236443, "_runtime": 117.1825122833252, "_step": 76, "charts/discounted_episodic_return": 0.0, "charts/episodic_length": 100.0, "_wandb": {"runtime": 158}}