{"global_step": 452036, "_timestamp": 1701126735.1826725, "charts/episodic_return": 127.0, "charts/episodic_length": 127.0, "_runtime": 436.8417935371399, "_step": 3218, "charts/learning_rate": 1.9467213860480115e-05, "losses/value_loss": 1.3555346081717268e-14, "losses/policy_loss": -0.014662377536296844, "losses/entropy": 0.42253202199935913, "losses/old_approx_kl": -0.005454337690025568, "losses/approx_kl": 0.002479792106896639, "losses/clipfrac": 0.01171875, "losses/explained_variance": -0.08773481845855713, "charts/SPS": 1076.0, "_wandb": {"runtime": 436}}