{"global_step": 22080, "_timestamp": 1712340496.3020616, "_runtime": 878.1861805915833, "_step": 230, "charts/test_discounted_episodic_return": 0.0, "charts/test_episodic_length": 0.0, "charts/discounted_episodic_return": 0.0, "charts/episodic_length": 100.0, "charts/learning_rate": 0.00017307692905887961, "losses/value_loss": 7.85191950853914e-05, "losses/policy_loss": 0.26405593752861023, "losses/entropy": 7.346650123596191, "losses/old_approx_kl": 28.11285400390625, "losses/approx_kl": 27.11285400390625, "losses/clipfrac": 0.9501562714576721, "losses/explained_variance": -6.767922401428223, "charts/SPS": 50.0, "_wandb": {"runtime": 930}}