{"global_step": 499712, "_timestamp": 1701542488.3724663, "_runtime": 427.92350220680237, "_step": 2210, "charts/episodic_return": 10.663357734680176, "charts/episodic_length": 1000.0, "charts/learning_rate": 2.5614752985347877e-07, "losses/value_loss": 1.9063224792480469, "losses/policy_loss": 4.92483377456665e-06, "losses/entropy": 1.0197348594665527, "losses/old_approx_kl": -7.078051567077637e-06, "losses/approx_kl": 1.210719347000122e-08, "losses/clipfrac": 0.0, "losses/explained_variance": 0.8295288681983948, "charts/SPS": 1172.0, "_wandb": {"runtime": 427}}