{"global_step": 499712, "_timestamp": 1700717255.727069, "charts/episodic_return": 104.0, "charts/episodic_length": 104.0, "_runtime": 500.98064398765564, "_step": 5237, "charts/learning_rate": 2.0491803809363773e-07, "losses/value_loss": 1.5219596416482517e-14, "losses/policy_loss": -4.964321851730347e-05, "losses/entropy": 0.35489964485168457, "losses/old_approx_kl": -0.00012456835247576237, "losses/approx_kl": 1.6528647392988205e-06, "losses/clipfrac": 0.0, "losses/explained_variance": -0.09750854969024658, "charts/SPS": 1042.0, "_wandb": {"runtime": 500}}