{"_wandb": {"runtime": 19}, "global_step": 512, "_timestamp": 1700680155.6714299, "charts/episodic_return": 67.0, "charts/episodic_length": 67.0, "_runtime": 20.0989887714386, "_step": 197, "charts/learning_rate": 0.00019999999494757503, "losses/value_loss": 8.313246553370846e-07, "losses/policy_loss": -0.0033880844712257385, "losses/entropy": 0.6927447319030762, "losses/old_approx_kl": -0.0007967175915837288, "losses/approx_kl": 0.0004324261099100113, "losses/clipfrac": 0.0, "losses/explained_variance": -0.013489961624145508, "charts/SPS": 483.0, "CartPole-v1__CartPole PPO__1.0__1700680150/global_step": 512, "CartPole-v1__CartPole PPO__1.0__1700680150/charts/episodic_return": 13.0, "CartPole-v1__CartPole PPO__1.0__1700680150/charts/episodic_length": 13.0, "CartPole-v1__CartPole PPO__1.0__1700680150/charts/learning_rate": 0.00019999999494757503, "CartPole-v1__CartPole PPO__1.0__1700680150/losses/value_loss": 5.843119197379565e-07, "CartPole-v1__CartPole PPO__1.0__1700680150/losses/policy_loss": -0.0007803104817867279, "CartPole-v1__CartPole PPO__1.0__1700680150/losses/entropy": 0.6930263042449951, "CartPole-v1__CartPole PPO__1.0__1700680150/losses/old_approx_kl": -0.0014022593386471272, "CartPole-v1__CartPole PPO__1.0__1700680150/losses/approx_kl": 0.00014843512326478958, "CartPole-v1__CartPole PPO__1.0__1700680150/losses/clipfrac": 0.0, "CartPole-v1__CartPole PPO__1.0__1700680150/losses/explained_variance": -0.011936545372009277, "CartPole-v1__CartPole PPO__1.0__1700680150/charts/SPS": 1508.0, "CartPole-v1__CartPole PPO__1.0__1700680151/global_step": 512, "CartPole-v1__CartPole PPO__1.0__1700680151/charts/episodic_return": 36.0, "CartPole-v1__CartPole PPO__1.0__1700680151/charts/episodic_length": 36.0, "CartPole-v1__CartPole PPO__1.0__1700680151/charts/learning_rate": 0.00019999999494757503, "CartPole-v1__CartPole PPO__1.0__1700680151/losses/value_loss": 1.459754059851548e-07, "CartPole-v1__CartPole PPO__1.0__1700680151/losses/policy_loss": -0.0018373355269432068, "CartPole-v1__CartPole PPO__1.0__1700680151/losses/entropy": 0.6930282115936279, "CartPole-v1__CartPole PPO__1.0__1700680151/losses/old_approx_kl": -0.002069787122309208, "CartPole-v1__CartPole PPO__1.0__1700680151/losses/approx_kl": 0.0001199161633849144, "CartPole-v1__CartPole PPO__1.0__1700680151/losses/clipfrac": 0.0, "CartPole-v1__CartPole PPO__1.0__1700680151/losses/explained_variance": 0.005691230297088623, "CartPole-v1__CartPole PPO__1.0__1700680151/charts/SPS": 1604.0, "CartPole-v1__CartPole PPO__1.0__1700680152/global_step": 512, "CartPole-v1__CartPole PPO__1.0__1700680152/charts/episodic_return": 24.0, "CartPole-v1__CartPole PPO__1.0__1700680152/charts/episodic_length": 24.0, "CartPole-v1__CartPole PPO__1.0__1700680152/charts/learning_rate": 0.00019999999494757503, "CartPole-v1__CartPole PPO__1.0__1700680152/losses/value_loss": 5.433897740658722e-07, "CartPole-v1__CartPole PPO__1.0__1700680152/losses/policy_loss": -0.0018249750137329102, "CartPole-v1__CartPole PPO__1.0__1700680152/losses/entropy": 0.6925070881843567, "CartPole-v1__CartPole PPO__1.0__1700680152/losses/old_approx_kl": 0.0006269672885537148, "CartPole-v1__CartPole PPO__1.0__1700680152/losses/approx_kl": 0.0006031999364495277, "CartPole-v1__CartPole PPO__1.0__1700680152/losses/clipfrac": 0.0, "CartPole-v1__CartPole PPO__1.0__1700680152/losses/explained_variance": 0.0017359256744384766, "CartPole-v1__CartPole PPO__1.0__1700680152/charts/SPS": 1598.0, "CartPole-v1__CartPole PPO__1.0__1700680153/global_step": 512, "CartPole-v1__CartPole PPO__1.0__1700680153/charts/episodic_return": 20.0, "CartPole-v1__CartPole PPO__1.0__1700680153/charts/episodic_length": 20.0, "CartPole-v1__CartPole PPO__1.0__1700680153/charts/learning_rate": 0.00019999999494757503, "CartPole-v1__CartPole PPO__1.0__1700680153/losses/value_loss": 6.989677103774738e-07, "CartPole-v1__CartPole PPO__1.0__1700680153/losses/policy_loss": -0.0056192949414253235, "CartPole-v1__CartPole PPO__1.0__1700680153/losses/entropy": 0.692785918712616, "CartPole-v1__CartPole PPO__1.0__1700680153/losses/old_approx_kl": 0.004004715941846371, "CartPole-v1__CartPole PPO__1.0__1700680153/losses/approx_kl": 0.00034357281401753426, "CartPole-v1__CartPole PPO__1.0__1700680153/losses/clipfrac": 0.0, "CartPole-v1__CartPole PPO__1.0__1700680153/losses/explained_variance": 0.028737187385559082, "CartPole-v1__CartPole PPO__1.0__1700680153/charts/SPS": 1565.0, "CartPole-v1__CartPole PPO__1.0__1700680154/global_step": 512, "CartPole-v1__CartPole PPO__1.0__1700680154/charts/episodic_return": 13.0, "CartPole-v1__CartPole PPO__1.0__1700680154/charts/episodic_length": 13.0, "CartPole-v1__CartPole PPO__1.0__1700680154/charts/learning_rate": 0.00019999999494757503, "CartPole-v1__CartPole PPO__1.0__1700680154/losses/value_loss": 1.3731842045672238e-06, "CartPole-v1__CartPole PPO__1.0__1700680154/losses/policy_loss": -0.00741296261548996, "CartPole-v1__CartPole PPO__1.0__1700680154/losses/entropy": 0.6923363208770752, "CartPole-v1__CartPole PPO__1.0__1700680154/losses/old_approx_kl": 0.00543365441262722, "CartPole-v1__CartPole PPO__1.0__1700680154/losses/approx_kl": 0.0007258439436554909, "CartPole-v1__CartPole PPO__1.0__1700680154/losses/clipfrac": 0.0, "CartPole-v1__CartPole PPO__1.0__1700680154/losses/explained_variance": 0.0008434057235717773, "CartPole-v1__CartPole PPO__1.0__1700680154/charts/SPS": 1281.0, "CartPole-v1__CartPole PPO__1.0__1700680155/global_step": 512, "CartPole-v1__CartPole PPO__1.0__1700680155/charts/episodic_return": 14.0, "CartPole-v1__CartPole PPO__1.0__1700680155/charts/episodic_length": 14.0, "CartPole-v1__CartPole PPO__1.0__1700680155/charts/learning_rate": 0.00019999999494757503, "CartPole-v1__CartPole PPO__1.0__1700680155/losses/value_loss": 1.0670403298718156e-06, "CartPole-v1__CartPole PPO__1.0__1700680155/losses/policy_loss": -0.0004010722041130066, "CartPole-v1__CartPole PPO__1.0__1700680155/losses/entropy": 0.6929874420166016, "CartPole-v1__CartPole PPO__1.0__1700680155/losses/old_approx_kl": -0.00039204349741339684, "CartPole-v1__CartPole PPO__1.0__1700680155/losses/approx_kl": 0.00017661834135651588, "CartPole-v1__CartPole PPO__1.0__1700680155/losses/clipfrac": 0.0, "CartPole-v1__CartPole PPO__1.0__1700680155/losses/explained_variance": 0.006852269172668457, "CartPole-v1__CartPole PPO__1.0__1700680155/charts/SPS": 1492.0}