{"global_step": 24576, "_timestamp": 1700680449.24027, "charts/episodic_return": 141.0, "charts/episodic_length": 141.0, "_runtime": 31.05602478981018, "_step": 396, "charts/learning_rate": 4.1666667129902635e-06, "losses/value_loss": 1.665761441543151e-15, "losses/policy_loss": 2.1472573280334473e-05, "losses/entropy": 0.5830177068710327, "losses/old_approx_kl": -1.2993114069104195e-05, "losses/approx_kl": 3.5157427191734314e-08, "losses/clipfrac": 0.0, "losses/explained_variance": 0.01776576042175293, "charts/SPS": 1440.0, "_wandb": {"runtime": 30}}