{"global_step": 211360, "_timestamp": 1701542035.236194, "_runtime": 62.30155301094055, "_step": 2635, "charts/episodic_return": -116.32708740234375, "charts/episodic_length": 72.0, "charts/learning_rate": 0.00014472336624749005, "losses/value_loss": 80.43403625488281, "losses/policy_loss": 5.587935447692871e-09, "losses/entropy": 1.3862943649291992, "losses/old_approx_kl": 0.0, "losses/approx_kl": 0.0, "losses/clipfrac": 0.0, "losses/explained_variance": 1.2516975402832031e-05, "charts/SPS": 3429.0, "_wandb": {"runtime": 62}}