{"global_step": 50000, "_timestamp": 1701985004.2324083, "_runtime": 1094.4202723503113, "_step": 528, "charts/discounted_episodic_return": 0.0, "charts/episodic_length": 100.0, "charts/learning_rate": 2.9999999242136255e-05, "losses/value_loss": 0.0003400463901925832, "losses/policy_loss": 0.24559317529201508, "losses/entropy": 7.1113715171813965, "losses/old_approx_kl": 1296.543212890625, "losses/approx_kl": 1295.543212890625, "losses/clipfrac": 1.0, "losses/explained_variance": 0.16752618551254272, "charts/SPS": 45.0, "_wandb": {"runtime": 1093}}