{"global_step": 15225, "_timestamp": 1712344117.2022886, "_runtime": 599.3677046298981, "_step": 91, "charts/test_discounted_episodic_return": 0.0, "charts/test_episodic_length": 0.0, "charts/discounted_episodic_return": 0.0, "charts/episodic_length": 100.0, "charts/learning_rate": 0.00026666666963137686, "losses/value_loss": 0.05530109629034996, "losses/policy_loss": 0.298861026763916, "losses/entropy": 7.144814968109131, "losses/old_approx_kl": 11397.6669921875, "losses/approx_kl": 11396.6669921875, "losses/clipfrac": 0.9976953268051147, "losses/explained_variance": -0.000522613525390625, "charts/SPS": 35.0, "_wandb": {"runtime": 626}}