{"global_step": 50000, "_timestamp": 1701837838.2939906, "_runtime": 1755.992491722107, "_step": 606, "charts/discounted_episodic_return": 0.0, "charts/episodic_length": 100.0, "charts/learning_rate": 2.9999999242136255e-05, "losses/value_loss": 0.000540349748916924, "losses/policy_loss": 0.3059048652648926, "losses/entropy": 12.421948432922363, "losses/old_approx_kl": 5218.4755859375, "losses/approx_kl": 5217.4755859375, "losses/clipfrac": 1.0, "losses/explained_variance": 0.0051313042640686035, "charts/SPS": 28.0, "_wandb": {"runtime": 1755}}