{"global_step": 311296, "_timestamp": 1700684948.9096684, "charts/episodic_return": 163.0, "charts/episodic_length": 163.0, "_runtime": 215.8937554359436, "_step": 2679, "charts/learning_rate": 7.561475649708882e-05, "losses/value_loss": 1.6028859741102275e-15, "losses/policy_loss": -0.0017123967409133911, "losses/entropy": 0.5667456388473511, "losses/old_approx_kl": 0.0017959615215659142, "losses/approx_kl": 0.00032052118331193924, "losses/clipfrac": 0.0, "losses/explained_variance": 0.029306471347808838, "charts/SPS": 1584.0, "_wandb": {"runtime": 215}}