{"global_step": 337408, "_timestamp": 1701485175.104668, "_runtime": 220.77880001068115, "_step": 2164, "charts/episodic_return": 203.0, "charts/episodic_length": 203.0, "charts/learning_rate": 8.145492029143497e-05, "losses/value_loss": 9.479308766565222e-16, "losses/policy_loss": -0.0012458935379981995, "losses/entropy": 0.5534210205078125, "losses/old_approx_kl": 0.0006731473840773106, "losses/approx_kl": 9.507499635219574e-05, "losses/clipfrac": 0.0, "losses/explained_variance": 0.008581221103668213, "charts/SPS": 1690.0, "_wandb": {"runtime": 220}}