{"global_step": 499712, "_timestamp": 1700865348.691661, "charts/episodic_return": 133.0, "charts/episodic_length": 133.0, "_runtime": 470.10016894340515, "_step": 3942, "charts/learning_rate": 2.0491803809363773e-07, "losses/value_loss": 7.217317021801506e-15, "losses/policy_loss": -2.5354325771331787e-05, "losses/entropy": 0.4613235592842102, "losses/old_approx_kl": -6.459513679146767e-05, "losses/approx_kl": 4.008878022432327e-06, "losses/clipfrac": 0.0, "losses/explained_variance": 0.0026235580444335938, "charts/SPS": 1116.0, "_wandb": {"runtime": 469}}