{"global_step": 499712, "_timestamp": 1701464125.9426968, "charts/episodic_return": 333.0, "charts/episodic_length": 333.0, "_runtime": 843.3519177436829, "_step": 3134, "charts/learning_rate": 2.5614752985347877e-07, "losses/value_loss": 0.0, "losses/policy_loss": -3.049522638320923e-05, "losses/entropy": 0.6005766987800598, "losses/old_approx_kl": 2.8796494007110596e-06, "losses/approx_kl": 4.0978193283081055e-08, "losses/clipfrac": 0.0, "losses/explained_variance": 0.005195498466491699, "charts/SPS": 612.0, "_wandb": {"runtime": 843}}