{"global_step": 50000, "_timestamp": 1701919855.6496212, "_runtime": 1694.257568359375, "_step": 200, "charts/discounted_episodic_return": 0.0, "charts/episodic_length": 100.0, "charts/learning_rate": 2.9999999242136255e-05, "losses/value_loss": 0.3863641619682312, "losses/policy_loss": 0.3067079186439514, "losses/entropy": -4.905307769775391, "losses/old_approx_kl": 4.854045868979913e+18, "losses/approx_kl": 4.854045868979913e+18, "losses/clipfrac": 1.0, "losses/explained_variance": -0.00013899803161621094, "charts/SPS": 29.0, "_wandb": {"runtime": 1693}}