{"_wandb": {"runtime": 0}, "global_step": 512, "_timestamp": 1700438842.219014, "charts/episodic_return": 17.0, "charts/episodic_length": 17.0, "_runtime": 1.4007229804992676, "_step": 22, "charts/learning_rate": 0.00019999999494757503, "losses/value_loss": 0.0, "losses/policy_loss": -0.01827344112098217, "losses/entropy": 0.6871092319488525, "losses/old_approx_kl": 0.003041746560484171, "losses/approx_kl": 0.006214662455022335, "losses/clipfrac": 0.0}