{"global_step": 1998848, "_timestamp": 1701754681.4977698, "_runtime": 2551.167845726013, "_step": 2967, "charts/episodic_return": 1879.580810546875, "charts/episodic_length": 1000.0, "charts/learning_rate": 3.0737703582417453e-07, "losses/value_loss": 0.00795699656009674, "losses/policy_loss": 0.0008040890097618103, "losses/entropy": -4.082311153411865, "losses/old_approx_kl": 0.0005324007943272591, "losses/approx_kl": 0.00018245074898004532, "losses/clipfrac": 0.0, "losses/explained_variance": 0.5547035932540894, "charts/SPS": 783.0, "_wandb": {"runtime": 2550}}