{"global_step": 500000, "_timestamp": 1702542455.6501448, "_runtime": 23767.56304693222, "_step": 6064, "charts/learning_rate": 3.000000106112566e-07, "losses/value_loss": 4.577557499718665e-10, "losses/policy_loss": 0.1297597438097, "losses/entropy": 17.094694137573242, "losses/old_approx_kl": 0.7079100012779236, "losses/approx_kl": 2.64497447013855, "losses/clipfrac": 0.9001961350440979, "losses/explained_variance": -26.65503692626953, "charts/SPS": 21.0, "charts/discounted_episodic_return": 0.0, "charts/episodic_length": 14.0, "_wandb": {"runtime": 23766}}