{"_wandb": {"runtime": 19}, "global_step": 512, "_timestamp": 1700679337.219551, "charts/episodic_return": 17.0, "charts/episodic_length": 17.0, "_runtime": 20.47293210029602, "_step": 190, "charts/learning_rate": 0.00019999999494757503, "losses/value_loss": 7.431255539813719e-07, "losses/policy_loss": -0.006190067157149315, "losses/entropy": 0.6927129030227661, "losses/old_approx_kl": 0.003885963000357151, "losses/approx_kl": 0.00041837524622678757, "losses/clipfrac": 0.0, "losses/explained_variance": 4.7147274017333984e-05, "charts/SPS": 470.0, "CartPole-v1__CartPole PPO__1.0__1700679332/global_step": 512, "CartPole-v1__CartPole PPO__1.0__1700679332/charts/episodic_return": 25.0, "CartPole-v1__CartPole PPO__1.0__1700679332/charts/episodic_length": 25.0, "CartPole-v1__CartPole PPO__1.0__1700679332/charts/learning_rate": 0.00019999999494757503, "CartPole-v1__CartPole PPO__1.0__1700679332/losses/value_loss": 4.951634764438495e-07, "CartPole-v1__CartPole PPO__1.0__1700679332/losses/policy_loss": -0.009166846051812172, "CartPole-v1__CartPole PPO__1.0__1700679332/losses/entropy": 0.6926248073577881, "CartPole-v1__CartPole PPO__1.0__1700679332/losses/old_approx_kl": 0.004292503464967012, "CartPole-v1__CartPole PPO__1.0__1700679332/losses/approx_kl": 0.0005819094367325306, "CartPole-v1__CartPole PPO__1.0__1700679332/losses/clipfrac": 0.0, "CartPole-v1__CartPole PPO__1.0__1700679332/losses/explained_variance": -0.004015803337097168, "CartPole-v1__CartPole PPO__1.0__1700679332/charts/SPS": 1513.0, "CartPole-v1__CartPole PPO__1.0__1700679333/global_step": 512, "CartPole-v1__CartPole PPO__1.0__1700679333/charts/episodic_return": 11.0, "CartPole-v1__CartPole PPO__1.0__1700679333/charts/episodic_length": 11.0, "CartPole-v1__CartPole PPO__1.0__1700679333/charts/learning_rate": 0.00019999999494757503, "CartPole-v1__CartPole PPO__1.0__1700679333/losses/value_loss": 3.0316061838675523e-07, "CartPole-v1__CartPole PPO__1.0__1700679333/losses/policy_loss": -0.003925777971744537, "CartPole-v1__CartPole PPO__1.0__1700679333/losses/entropy": 0.6926572322845459, "CartPole-v1__CartPole PPO__1.0__1700679333/losses/old_approx_kl": -0.00019013648852705956, "CartPole-v1__CartPole PPO__1.0__1700679333/losses/approx_kl": 0.0004874616861343384, "CartPole-v1__CartPole PPO__1.0__1700679333/losses/clipfrac": 0.0, "CartPole-v1__CartPole PPO__1.0__1700679333/losses/explained_variance": -0.0027446746826171875, "CartPole-v1__CartPole PPO__1.0__1700679333/charts/SPS": 1559.0, "CartPole-v1__CartPole PPO__1.0__1700679334/global_step": 512, "CartPole-v1__CartPole PPO__1.0__1700679334/charts/episodic_return": 14.0, "CartPole-v1__CartPole PPO__1.0__1700679334/charts/episodic_length": 14.0, "CartPole-v1__CartPole PPO__1.0__1700679334/charts/learning_rate": 0.00019999999494757503, "CartPole-v1__CartPole PPO__1.0__1700679334/losses/value_loss": 3.008097451129288e-07, "CartPole-v1__CartPole PPO__1.0__1700679334/losses/policy_loss": 0.0007850676774978638, "CartPole-v1__CartPole PPO__1.0__1700679334/losses/entropy": 0.6927924156188965, "CartPole-v1__CartPole PPO__1.0__1700679334/losses/old_approx_kl": -0.0027850414626300335, "CartPole-v1__CartPole PPO__1.0__1700679334/losses/approx_kl": 0.00033729756250977516, "CartPole-v1__CartPole PPO__1.0__1700679334/losses/clipfrac": 0.0, "CartPole-v1__CartPole PPO__1.0__1700679334/losses/explained_variance": -0.005464673042297363, "CartPole-v1__CartPole PPO__1.0__1700679334/charts/SPS": 1561.0, "CartPole-v1__CartPole PPO__1.0__1700679335/global_step": 512, "CartPole-v1__CartPole PPO__1.0__1700679335/charts/episodic_return": 20.0, "CartPole-v1__CartPole PPO__1.0__1700679335/charts/episodic_length": 20.0, "CartPole-v1__CartPole PPO__1.0__1700679335/charts/learning_rate": 0.00019999999494757503, "CartPole-v1__CartPole PPO__1.0__1700679335/losses/value_loss": 2.1014014350839716e-07, "CartPole-v1__CartPole PPO__1.0__1700679335/losses/policy_loss": -0.00516887754201889, "CartPole-v1__CartPole PPO__1.0__1700679335/losses/entropy": 0.6926571130752563, "CartPole-v1__CartPole PPO__1.0__1700679335/losses/old_approx_kl": 0.0008782986551523209, "CartPole-v1__CartPole PPO__1.0__1700679335/losses/approx_kl": 0.0005106935277581215, "CartPole-v1__CartPole PPO__1.0__1700679335/losses/clipfrac": 0.0, "CartPole-v1__CartPole PPO__1.0__1700679335/losses/explained_variance": -0.0035094022750854492, "CartPole-v1__CartPole PPO__1.0__1700679335/charts/SPS": 1545.0, "CartPole-v1__CartPole PPO__1.0__1700679336/global_step": 512, "CartPole-v1__CartPole PPO__1.0__1700679336/charts/episodic_return": 13.0, "CartPole-v1__CartPole PPO__1.0__1700679336/charts/episodic_length": 13.0, "CartPole-v1__CartPole PPO__1.0__1700679336/charts/learning_rate": 0.00019999999494757503, "CartPole-v1__CartPole PPO__1.0__1700679336/losses/value_loss": 4.25654818059229e-08, "CartPole-v1__CartPole PPO__1.0__1700679336/losses/policy_loss": 0.0007386542856693268, "CartPole-v1__CartPole PPO__1.0__1700679336/losses/entropy": 0.6930143237113953, "CartPole-v1__CartPole PPO__1.0__1700679336/losses/old_approx_kl": -0.0015759039670228958, "CartPole-v1__CartPole PPO__1.0__1700679336/losses/approx_kl": 0.00018513808026909828, "CartPole-v1__CartPole PPO__1.0__1700679336/losses/clipfrac": 0.0, "CartPole-v1__CartPole PPO__1.0__1700679336/losses/explained_variance": 0.001574695110321045, "CartPole-v1__CartPole PPO__1.0__1700679336/charts/SPS": 1471.0}