{"global_step": 199680, "_timestamp": 1700680923.8710325, "charts/episodic_return": 145.0, "charts/episodic_length": 145.0, "_runtime": 139.2982895374298, "_step": 1219, "charts/learning_rate": 5.128205202709069e-07, "losses/value_loss": 1.1348886240492018e-15, "losses/policy_loss": -4.1425228118896484e-06, "losses/entropy": 0.5464485287666321, "losses/old_approx_kl": -4.007481038570404e-06, "losses/approx_kl": 9.313225746154785e-09, "losses/clipfrac": 0.0, "losses/explained_variance": 0.005730986595153809, "charts/SPS": 1595.0, "_wandb": {"runtime": 138}}