{"global_step": 499712, "_timestamp": 1701148253.4202697, "charts/episodic_return": 176.0, "charts/episodic_length": 176.0, "_runtime": 326.2015447616577, "_step": 3759, "charts/learning_rate": 2.5614752985347877e-07, "losses/value_loss": 1.2666733981148148e-15, "losses/policy_loss": -6.400048732757568e-06, "losses/entropy": 0.5765257477760315, "losses/old_approx_kl": 2.700136974453926e-06, "losses/approx_kl": 1.0943040251731873e-08, "losses/clipfrac": 0.0, "losses/explained_variance": -0.008160710334777832, "charts/SPS": 1617.0, "_wandb": {"runtime": 324}}