{"global_step": 249856, "_timestamp": 1700468920.492407, "charts/episodic_return": 235.0, "charts/episodic_length": 235.0, "_runtime": 86.63636517524719, "_step": 1710, "charts/learning_rate": 4.0983607618727547e-07, "losses/value_loss": 0.0, "losses/policy_loss": 6.370246410369873e-06, "losses/entropy": 0.5598584413528442, "losses/old_approx_kl": 5.228444933891296e-06, "losses/approx_kl": 7.916241884231567e-09, "losses/clipfrac": 0.0, "losses/explained_variance": -0.00430142879486084, "charts/SPS": 2906.0, "_wandb": {"runtime": 90}}