{"global_step": 1499648, "_timestamp": 1701488131.2066917, "_runtime": 479.6828007698059, "_step": 6806, "charts/episodic_return": 500.0, "charts/episodic_length": 500.0, "charts/learning_rate": 8.535336348813871e-08, "losses/value_loss": 1.790254955998799e-16, "losses/policy_loss": -1.4081597328186035e-06, "losses/entropy": 0.5558490753173828, "losses/old_approx_kl": -2.407468855381012e-07, "losses/approx_kl": 1.1641532182693481e-08, "losses/clipfrac": 0.0, "losses/explained_variance": -0.0014322996139526367, "charts/SPS": 3132.0, "_wandb": {"runtime": 479}}