{"global_step": 549888, "_timestamp": 1701501706.110123, "_runtime": 539.7904069423676, "_step": 1907, "charts/episodic_return": -81.62232208251953, "charts/episodic_length": 1000.0, "charts/learning_rate": 0.00015841584536246955, "losses/value_loss": 7.303578645391647e-16, "losses/policy_loss": 0.007162541151046753, "losses/entropy": 0.7839728593826294, "losses/old_approx_kl": 0.0076463669538497925, "losses/approx_kl": 0.005358875263482332, "losses/clipfrac": 0.04345703125, "losses/explained_variance": 0.017040252685546875, "charts/SPS": 1020.0, "_wandb": {"runtime": 578}}