{"global_step": 499712, "_timestamp": 1700688374.8273726, "charts/episodic_return": 321.0, "charts/episodic_length": 321.0, "_runtime": 542.9048316478729, "_step": 4252, "charts/learning_rate": 2.0491803809363773e-07, "losses/value_loss": 1.090150376654303e-14, "losses/policy_loss": 0.03295797109603882, "losses/entropy": 0.4103843569755554, "losses/old_approx_kl": 0.0946321040391922, "losses/approx_kl": 0.05128888040781021, "losses/clipfrac": 0.1494140625, "losses/explained_variance": 0.006792604923248291, "charts/SPS": 958.0, "_wandb": {"runtime": 543}}