{"global_step": 499712, "_timestamp": 1701143126.6838572, "_runtime": 319.50608110427856, "_step": 2481, "charts/episodic_return": 500.0, "charts/episodic_length": 500.0, "charts/learning_rate": 2.5614752985347877e-07, "losses/value_loss": 9.251812116417568e-08, "losses/policy_loss": 5.438923835754395e-07, "losses/entropy": 0.3057444095611572, "losses/old_approx_kl": -2.4316832423210144e-06, "losses/approx_kl": 6.05359673500061e-09, "losses/clipfrac": 0.0, "losses/explained_variance": -5.300221920013428, "charts/SPS": 1670.0, "_wandb": {"runtime": 319}}