{"global_step": 499712, "_timestamp": 1700685717.3412426, "charts/episodic_return": 500.0, "charts/episodic_length": 500.0, "_runtime": 333.3112864494324, "_step": 2651, "charts/learning_rate": 2.0491803809363773e-07, "losses/value_loss": 1.7373560543768735e-15, "losses/policy_loss": -1.3403594493865967e-05, "losses/entropy": 0.5799853801727295, "losses/old_approx_kl": 5.044974386692047e-06, "losses/approx_kl": 1.7695128917694092e-08, "losses/clipfrac": 0.0, "losses/explained_variance": -0.03801882266998291, "charts/SPS": 1602.0, "_wandb": {"runtime": 332}}