{"global_step": 499712, "_timestamp": 1701147802.9744914, "charts/episodic_return": 125.0, "charts/episodic_length": 125.0, "_runtime": 493.87130427360535, "_step": 5143, "charts/learning_rate": 2.5614752985347877e-07, "losses/value_loss": 1.3338885117980537e-14, "losses/policy_loss": 4.575401544570923e-05, "losses/entropy": 0.16686826944351196, "losses/old_approx_kl": -0.00017026136629283428, "losses/approx_kl": 1.928536221385002e-06, "losses/clipfrac": 0.0, "losses/explained_variance": -0.02446460723876953, "charts/SPS": 1045.0, "_wandb": {"runtime": 493}}