{"global_step": 499712, "_timestamp": 1701484276.4048038, "_runtime": 289.77815866470337, "_step": 2720, "charts/episodic_return": 166.0, "charts/episodic_length": 166.0, "charts/learning_rate": 2.5614752985347877e-07, "losses/value_loss": 245.01937866210938, "losses/policy_loss": -1.4528632164001465e-07, "losses/entropy": 0.5484631061553955, "losses/old_approx_kl": 1.074979081749916e-06, "losses/approx_kl": 5.820766091346741e-09, "losses/clipfrac": 0.0, "losses/explained_variance": 0.04428732395172119, "charts/SPS": 1858.0, "_wandb": {"runtime": 289}}