{"_wandb": {"runtime": 22}, "global_step": 512, "_timestamp": 1701483848.8582215, "_runtime": 22.512797594070435, "_step": 15, "charts/episodic_return": 22.0, "charts/episodic_length": 22.0}