{"global_step": 50000, "_timestamp": 1701900646.8044522, "charts/discounted_episodic_return": 0.0, "charts/episodic_length": 100.0, "_runtime": 2434.0928831100464, "_step": 496, "charts/learning_rate": 2.9999999242136255e-05, "losses/value_loss": 3.6519023183245736e-07, "losses/policy_loss": 0.34042713046073914, "losses/entropy": 17.09469223022461, "losses/old_approx_kl": 417.65130615234375, "losses/approx_kl": 416.65130615234375, "losses/clipfrac": 1.0, "losses/explained_variance": -1.1543846130371094, "charts/SPS": 20.0, "_wandb": {"runtime": 2433}}