{"global_step": 6925, "_timestamp": 1701821011.2693017, "_runtime": 121.29398155212402, "_step": 53, "charts/discounted_episodic_return": 0.0, "charts/episodic_length": 100.0, "_wandb": {"runtime": 172}}