{"global_step": 15000, "_timestamp": 1702260512.5666018, "charts/discounted_episodic_return": 0.0, "charts/episodic_length": 100.0, "_runtime": 677.9926908016205, "_step": 159, "charts/learning_rate": 0.00023999999393709004, "losses/value_loss": 2.013753510254901e-05, "losses/policy_loss": 0.010278481990098953, "losses/entropy": 17.09469223022461, "losses/old_approx_kl": 4.906475067138672, "losses/approx_kl": 4.623875617980957, "losses/clipfrac": 0.9587412476539612, "losses/explained_variance": -1.5016779899597168, "charts/SPS": 27.0, "_wandb": {"runtime": 818}}