{"global_step": 499712, "_timestamp": 1701487387.6126537, "_runtime": 169.97647261619568, "_step": 2638, "charts/episodic_return": 500.0, "charts/episodic_length": 500.0, "charts/learning_rate": 2.5614752985347877e-07, "losses/value_loss": 1.4239310734125453e-16, "losses/policy_loss": -5.1781535148620605e-06, "losses/entropy": 0.5404852628707886, "losses/old_approx_kl": 5.057081580162048e-07, "losses/approx_kl": 1.3969838619232178e-08, "losses/clipfrac": 0.0, "losses/explained_variance": 0.003942549228668213, "charts/SPS": 2974.0, "_wandb": {"runtime": 168}}