{"global_step": 249856, "_timestamp": 1700468680.75362, "charts/episodic_return": 356.0, "charts/episodic_length": 356.0, "_runtime": 138.43222880363464, "_step": 1421, "charts/learning_rate": 4.0983607618727547e-07, "losses/value_loss": 0.0, "losses/policy_loss": -0.00011347513645887375, "losses/entropy": 0.5476090312004089, "losses/old_approx_kl": -9.445310570299625e-05, "losses/approx_kl": 6.274785846471786e-07, "losses/clipfrac": 0.0, "losses/explained_variance": 0.006938457489013672, "charts/SPS": 1813.0, "_wandb": {"runtime": 137}}