{"global_step": 2115, "_timestamp": 1701981904.1350586, "_runtime": 119.79705667495728, "_step": 23, "charts/discounted_episodic_return": 0.0, "charts/episodic_length": 100.0, "_wandb": {"runtime": 203}}