{"global_step": 20365, "_timestamp": 1701836015.1607478, "_runtime": 706.7459516525269, "_step": 575, "charts/discounted_episodic_return": 0.0, "charts/episodic_length": 2.0, "charts/learning_rate": 0.0002099999983329326, "losses/value_loss": 0.007215295918285847, "losses/policy_loss": 0.2883243262767792, "losses/entropy": 17.09469223022461, "losses/old_approx_kl": 71.41374206542969, "losses/approx_kl": 70.41374206542969, "losses/clipfrac": 1.0, "losses/explained_variance": 0.12061482667922974, "charts/SPS": 28.0, "_wandb": {"runtime": 707}}