{"global_step": 1499648, "_timestamp": 1701540034.569238, "_runtime": 1232.9251070022583, "_step": 5245, "charts/episodic_return": -122.492431640625, "charts/episodic_length": 160.0, "charts/learning_rate": 8.535336348813871e-08, "losses/value_loss": 3.9655067920684814, "losses/policy_loss": 5.209818482398987e-06, "losses/entropy": 0.8565770387649536, "losses/old_approx_kl": -7.27921724319458e-06, "losses/approx_kl": 3.725290298461914e-09, "losses/clipfrac": 0.0, "losses/explained_variance": -5.269050598144531e-05, "charts/SPS": 1217.0, "_wandb": {"runtime": 1232}}