{"global_step": 24576, "_timestamp": 1700680264.873222, "charts/episodic_return": 59.0, "charts/episodic_length": 59.0, "_runtime": 32.246249198913574, "_step": 365, "charts/learning_rate": 4.1666667129902635e-06, "losses/value_loss": 1.0785306516289265e-15, "losses/policy_loss": 1.4834105968475342e-05, "losses/entropy": 0.5689101219177246, "losses/old_approx_kl": 8.082692511379719e-05, "losses/approx_kl": 1.8882565200328827e-07, "losses/clipfrac": 0.0, "losses/explained_variance": -0.004505515098571777, "charts/SPS": 1379.0, "_wandb": {"runtime": 31}}