{"global_step": 1499648, "_timestamp": 1701541724.966854, "_runtime": 1046.4809679985046, "_step": 5880, "charts/episodic_return": -59.13764953613281, "charts/episodic_length": 390.0, "charts/learning_rate": 8.535336348813871e-08, "losses/value_loss": 147.4161834716797, "losses/policy_loss": -3.4458935260772705e-07, "losses/entropy": 0.8260484337806702, "losses/old_approx_kl": -2.3888424038887024e-07, "losses/approx_kl": 2.3283064365386963e-09, "losses/clipfrac": 0.0, "losses/explained_variance": 0.5315435528755188, "charts/SPS": 1435.0, "_wandb": {"runtime": 1045}}