{"global_step": 13568, "_timestamp": 1700687062.1594183, "charts/episodic_return": 500.0, "charts/episodic_length": 500.0, "_runtime": 37.71373438835144, "_step": 140, "charts/learning_rate": 0.0001948770513990894, "losses/value_loss": 0.0005323435179889202, "losses/policy_loss": -0.018365882337093353, "losses/entropy": 0.47616812586784363, "losses/old_approx_kl": 0.02226562798023224, "losses/approx_kl": 0.01047615334391594, "losses/clipfrac": 0.056640625, "losses/explained_variance": 0.0247461199760437, "charts/SPS": 949.0, "_wandb": {"runtime": 37}}