{"global_step": 35000, "_timestamp": 1701847360.0915287, "charts/discounted_episodic_return": 0.0, "charts/episodic_length": 100.0, "_runtime": 1400.9500167369843, "_step": 403, "charts/learning_rate": 0.00011999999696854502, "losses/value_loss": 2.5764646238712885e-07, "losses/policy_loss": 0.2748120427131653, "losses/entropy": 17.09469223022461, "losses/old_approx_kl": 157.05514526367188, "losses/approx_kl": 156.05514526367188, "losses/clipfrac": 1.0, "losses/explained_variance": -1.880021572113037, "charts/SPS": 27.0, "_wandb": {"runtime": 1441}}