{"_wandb": {"runtime": 14}, "global_step": 496, "_timestamp": 1700682022.0634181, "charts/episodic_return": 14.0, "charts/episodic_length": 14.0, "_runtime": 14.621889114379883, "_step": 21}