{"global_step": 702464, "_timestamp": 1701751590.3688931, "_runtime": 1142.1938512325287, "_step": 1043, "charts/episodic_return": 4432.51123046875, "charts/episodic_length": 1000.0, "charts/learning_rate": 0.0001948770513990894, "losses/value_loss": 0.008205121383070946, "losses/policy_loss": -0.05960713326931, "losses/entropy": 0.300697922706604, "losses/old_approx_kl": 0.04688140004873276, "losses/approx_kl": 0.03389269858598709, "losses/clipfrac": 0.3416992127895355, "losses/explained_variance": 0.9656258821487427, "charts/SPS": 615.0, "_wandb": {"runtime": 1144}}