{"global_step": 500000, "_timestamp": 1702375483.963913, "_runtime": 23700.83627986908, "_step": 7189, "charts/learning_rate": 3.000000106112566e-07, "losses/value_loss": 1.564708895784861e-08, "losses/policy_loss": 0.13389597833156586, "losses/entropy": 17.094694137573242, "losses/old_approx_kl": -0.11441078037023544, "losses/approx_kl": 0.9133985638618469, "losses/clipfrac": 0.9111765027046204, "losses/explained_variance": -16.173133850097656, "charts/SPS": 21.0, "charts/discounted_episodic_return": 0.0, "charts/episodic_length": 224.0, "_wandb": {"runtime": 23700}}