{"global_step": 444292, "_timestamp": 1701541950.9985976, "_runtime": 88.6573715209961, "_step": 19390, "charts/episodic_return": 26.0, "charts/episodic_length": 26.0, "charts/learning_rate": 2.817622953443788e-05, "losses/value_loss": 8.818142890930176, "losses/policy_loss": 1.30385160446167e-08, "losses/entropy": 0.6931471824645996, "losses/old_approx_kl": 0.0, "losses/approx_kl": 0.0, "losses/clipfrac": 0.0, "losses/explained_variance": 0.6397794485092163, "charts/SPS": 5064.0, "_wandb": {"runtime": 88}}