{"global_step": 50000, "_timestamp": 1701979143.7704504, "_runtime": 1959.4686982631683, "_step": 900, "charts/discounted_episodic_return": 0.6050063967704773, "charts/episodic_length": 51.0, "charts/learning_rate": 2.9999999242136255e-05, "losses/value_loss": 0.9585590958595276, "losses/policy_loss": 0.2986237406730652, "losses/entropy": -18.11492919921875, "losses/old_approx_kl": 1.7376819204325376e+17, "losses/approx_kl": 1.7376819204325376e+17, "losses/clipfrac": 1.0, "losses/explained_variance": -0.08630692958831787, "charts/SPS": 25.0, "_wandb": {"runtime": 1958}}