{"_wandb": {"runtime": 18}, "global_step": 512, "_timestamp": 1700679873.9698517, "charts/episodic_return": 28.0, "charts/episodic_length": 28.0, "_runtime": 19.323444843292236, "_step": 198, "charts/learning_rate": 0.00019999999494757503, "losses/value_loss": 4.1064663491852116e-07, "losses/policy_loss": -0.005004566162824631, "losses/entropy": 0.6928773522377014, "losses/old_approx_kl": -0.0001704343594610691, "losses/approx_kl": 0.0003077704459428787, "losses/clipfrac": 0.0, "losses/explained_variance": 0.002985358238220215, "charts/SPS": 474.0, "CartPole-v1__CartPole PPO__1.0__1700679869/global_step": 512, "CartPole-v1__CartPole PPO__1.0__1700679869/charts/episodic_return": 15.0, "CartPole-v1__CartPole PPO__1.0__1700679869/charts/episodic_length": 15.0, "CartPole-v1__CartPole PPO__1.0__1700679869/charts/learning_rate": 0.00019999999494757503, "CartPole-v1__CartPole PPO__1.0__1700679869/losses/value_loss": 6.496148330370488e-07, "CartPole-v1__CartPole PPO__1.0__1700679869/losses/policy_loss": -0.004002504050731659, "CartPole-v1__CartPole PPO__1.0__1700679869/losses/entropy": 0.6928911805152893, "CartPole-v1__CartPole PPO__1.0__1700679869/losses/old_approx_kl": -0.0015774467028677464, "CartPole-v1__CartPole PPO__1.0__1700679869/losses/approx_kl": 0.0002897367812693119, "CartPole-v1__CartPole PPO__1.0__1700679869/losses/clipfrac": 0.0, "CartPole-v1__CartPole PPO__1.0__1700679869/losses/explained_variance": -0.008444666862487793, "CartPole-v1__CartPole PPO__1.0__1700679869/charts/SPS": 1561.0, "CartPole-v1__CartPole PPO__1.0__1700679870/global_step": 512, "CartPole-v1__CartPole PPO__1.0__1700679870/charts/episodic_return": 16.0, "CartPole-v1__CartPole PPO__1.0__1700679870/charts/episodic_length": 16.0, "CartPole-v1__CartPole PPO__1.0__1700679870/charts/learning_rate": 0.00019999999494757503, "CartPole-v1__CartPole PPO__1.0__1700679870/losses/value_loss": 5.4554540440676647e-08, "CartPole-v1__CartPole PPO__1.0__1700679870/losses/policy_loss": -0.0039758384227752686, "CartPole-v1__CartPole PPO__1.0__1700679870/losses/entropy": 0.6927064657211304, "CartPole-v1__CartPole PPO__1.0__1700679870/losses/old_approx_kl": 0.001543940044939518, "CartPole-v1__CartPole PPO__1.0__1700679870/losses/approx_kl": 0.00047420011833310127, "CartPole-v1__CartPole PPO__1.0__1700679870/losses/clipfrac": 0.0, "CartPole-v1__CartPole PPO__1.0__1700679870/losses/explained_variance": 0.004125535488128662, "CartPole-v1__CartPole PPO__1.0__1700679870/charts/SPS": 1498.0, "CartPole-v1__CartPole PPO__1.0__1700679871/global_step": 512, "CartPole-v1__CartPole PPO__1.0__1700679871/charts/episodic_return": 25.0, "CartPole-v1__CartPole PPO__1.0__1700679871/charts/episodic_length": 25.0, "CartPole-v1__CartPole PPO__1.0__1700679871/charts/learning_rate": 0.00019999999494757503, "CartPole-v1__CartPole PPO__1.0__1700679871/losses/value_loss": 1.5645721873625007e-07, "CartPole-v1__CartPole PPO__1.0__1700679871/losses/policy_loss": 0.002522110939025879, "CartPole-v1__CartPole PPO__1.0__1700679871/losses/entropy": 0.6927487850189209, "CartPole-v1__CartPole PPO__1.0__1700679871/losses/old_approx_kl": 0.0008176965638995171, "CartPole-v1__CartPole PPO__1.0__1700679871/losses/approx_kl": 0.0004297960549592972, "CartPole-v1__CartPole PPO__1.0__1700679871/losses/clipfrac": 0.0, "CartPole-v1__CartPole PPO__1.0__1700679871/losses/explained_variance": -0.003924012184143066, "CartPole-v1__CartPole PPO__1.0__1700679871/charts/SPS": 1578.0, "CartPole-v1__CartPole PPO__1.0__1700679872/global_step": 512, "CartPole-v1__CartPole PPO__1.0__1700679872/charts/episodic_return": 15.0, "CartPole-v1__CartPole PPO__1.0__1700679872/charts/episodic_length": 15.0, "CartPole-v1__CartPole PPO__1.0__1700679872/charts/learning_rate": 0.00019999999494757503, "CartPole-v1__CartPole PPO__1.0__1700679872/losses/value_loss": 3.7632858607139497e-07, "CartPole-v1__CartPole PPO__1.0__1700679872/losses/policy_loss": 0.0006896704435348511, "CartPole-v1__CartPole PPO__1.0__1700679872/losses/entropy": 0.6930122375488281, "CartPole-v1__CartPole PPO__1.0__1700679872/losses/old_approx_kl": -0.0007786513306200504, "CartPole-v1__CartPole PPO__1.0__1700679872/losses/approx_kl": 0.00013163825497031212, "CartPole-v1__CartPole PPO__1.0__1700679872/losses/clipfrac": 0.0, "CartPole-v1__CartPole PPO__1.0__1700679872/losses/explained_variance": -0.015210866928100586, "CartPole-v1__CartPole PPO__1.0__1700679872/charts/SPS": 1485.0, "CartPole-v1__CartPole PPO__1.0__1700679873/global_step": 512, "CartPole-v1__CartPole PPO__1.0__1700679873/charts/episodic_return": 12.0, "CartPole-v1__CartPole PPO__1.0__1700679873/charts/episodic_length": 12.0, "CartPole-v1__CartPole PPO__1.0__1700679873/charts/learning_rate": 0.00019999999494757503, "CartPole-v1__CartPole PPO__1.0__1700679873/losses/value_loss": 4.3231727886450244e-07, "CartPole-v1__CartPole PPO__1.0__1700679873/losses/policy_loss": -0.0029718130826950073, "CartPole-v1__CartPole PPO__1.0__1700679873/losses/entropy": 0.6928818225860596, "CartPole-v1__CartPole PPO__1.0__1700679873/losses/old_approx_kl": -0.0003441101871430874, "CartPole-v1__CartPole PPO__1.0__1700679873/losses/approx_kl": 0.00030578533187508583, "CartPole-v1__CartPole PPO__1.0__1700679873/losses/clipfrac": 0.0, "CartPole-v1__CartPole PPO__1.0__1700679873/losses/explained_variance": -0.0012362003326416016, "CartPole-v1__CartPole PPO__1.0__1700679873/charts/SPS": 1577.0}