{"global_step": 499712, "_timestamp": 1700704397.5848908, "charts/episodic_return": 500.0, "charts/episodic_length": 500.0, "_runtime": 455.3731949329376, "_step": 2547, "charts/learning_rate": 2.0491803809363773e-07, "losses/value_loss": 1.3167919987906729e-14, "losses/policy_loss": -1.3329088687896729e-05, "losses/entropy": 0.5025583505630493, "losses/old_approx_kl": 0.00019653746858239174, "losses/approx_kl": 6.468035280704498e-07, "losses/clipfrac": 0.0, "losses/explained_variance": 0.023434937000274658, "charts/SPS": 1145.0, "_wandb": {"runtime": 455}}